IdEmpleado,Nombre,Telefono,Email,Direccion,IdDepartamento
1,Sophia Cooper,55-06235459,dolor.egestas@yahoo.edu,calle 1,10
2,Cairo Watkins,55-31185450,ornare.lectus@protonmail.couk,calle 2,10
3,Lois Little,55-24662851,ut@google.com,calle3,13
4,Naida Russo,55-40453464,consectetuer.euismod.est@protonmail.com,calle 4,10
5,Herrod Rogers,55-87131736,est@icloud.org,calle 5,13
6,Kevyn Anderson,55-59371827,donec.tincidunt.donec@protonmail.org,calle 6,11
7,Wanda Kelly,55-71489929,suspendisse.commodo@protonmail.com,calle 7,14
8,Brenna Curry,55-24115320,etiam.vestibulum@outlook.couk,calle 8,13
9,Jenna Dominguez,55-26796858,lobortis.quis.pede@protonmail.edu,calle 9,11
10,Nissim Raymond,55-46642012,ultrices.a@hotmail.edu,calle 10,12
11,Callum Navarro,55-52394227,elit.curabitur.sed@outlook.couk,calle 11,10
12,Jerome Mills,55-46011882,pede@google.org,calle 12,12
13,Amena Frederick,55-14035150,orci.adipiscing@google.ca,calle 13,11
14,Adara Key,55-11738263,morbi@outlook.net,calle 14,10
15,Lisandra Barnes,55-82798165,mattis.semper@yahoo.net,calle 15,13
